imie,nazwisko,pesel
Agnieszka,Szymański,19072087538
Anna,Wójcik,20062294488
Jan,Nowak,85041481858
Anna,Lewandowski,77020386445
Ewa,Woźniak,40051198720
Tomasz,Szymański,76091250198
Tomasz,Wiśniewski,37050715979
Ewa,Kowalski,50052858502
Tomasz,Wiśniewski,6111897872
Anna,Wiśniewski,47040716295
Jan,Kowalski,83060352532
Paweł,Lewandowski,5070860027
Anna,Kowalczyk,91062683505
Piotr,Wiśniewski,51111525103
Paweł,Kowalczyk,33122795561
Anna,Wiśniewski,54022049785
Magdalena,Kowalski,46052110539
Tomasz,Lewandowski,58081983750
Magdalena,Kowalczyk,22032732069
Tomasz,Szymański,60060388340
Jan,Lewandowski,60081393278
Agnieszka,Wiśniewski,43120716079
Agnieszka,Nowak,61121540885
Magdalena,Szymański,37112029801
Piotr,Kowalski,5061711242
Tomasz,Nowak,59040648637
Ewa,Nowak,46091780024
Katarzyna,Szymański,57040436576
Anna,Zieliński,27020854767
Paweł,Kowalski,81031855658
Jan,Kamiński,88030169543
Paweł,Kowalczyk,13011524765
Krzysztof,Kamiński,63072063147
Magdalena,Wiśniewski,12011211670
Paweł,Kowalczyk,40082197167
Agnieszka,Lewandowski,7112557885
Tomasz,Nowak,5102831700
Katarzyna,Wiśniewski,20102479694
Jan,Woźniak,77051793756
Krzysztof,Nowak,43081597606
Agnieszka,Wójcik,34030588620
Magdalena,Zieliński,22010979523
Ewa,Kowalski,75091577287
Krzysztof,Woźniak,89011714047
Tomasz,Wiśniewski,86030568917
Piotr,Nowak,98021787164
Krzysztof,Kowalczyk,59021040745
Jan,Lewandowski,47101844428
Jan,Woźniak,90030423235
Piotr,Wiśniewski,55041527339
